ref_sequence_name	species	primer_name	reporting_columns	min_percent_identity	min_percent_aligned	max_percent_gaps	internal_control	sequence
actin_Ix_dent	Ixodes_scapularis	Isca_act	Acceptable_DNA:count	90	95	5	TRUE	GCCATGTACGTGGCCATCCAGGCTGTGCTCTCCCTGTACGCCTCCGGTCGTACCACGGGTATCGTGCTCGACTCTGGCGACGGCGTCTCCCACACCGTCCCCATCTACGAAGGGTACGCCCTGCCCCACGCCATCCTCCGTCTGGACTTGGCCGGCCGGGACCTGACCGACTACCTGATGAAGATCCTCACCGAGC
actin_Ix_scap	Ixodes_scapularis	Isca_act	Acceptable_DNA:count	90	95	5	TRUE	GCCATGTACGTGGCCATCCAGGCCGTGCTCTCCCTGTACGCCTCCGGTCGTACCACGGGTATCGTGCTCGACTCCGGCGATGGCGTCTCCCACACCGTCCCCATCTACGAAGGGTACGCCCTGCCCCACGCCATCCTCCGTCTGGACTTGGCCGGCCGGGACCTGACCGACTACCTGATGAAGATCCTCACCGAGC
actin_Ix_scap_5C_XM_029977298	Ixodes_scapularis	Isca_act	Acceptable_DNA:count	90	95	5	TRUE	GCCATGTACGTGGCCATCCAGGCCGTGCTGTCCCTGTACGCGTCCGGCCGTACTACGGGCATCGTGCTCGACTCCGGCGATGGCGTCTCCCACACCGTGCCCATCTACGAGGGGTACGCCCTGCCGCACGCCATCCTCAGGCTGGACCTCGCCGGCCGGGACCTCACAGACTATCTCATGAAGATCCTCACCGAGC
Ana_phagocytophilum_esp_ha	Anaplasma_phagocytophilum	Esp	Anaplasma_phagocytophilum_human_active_strain:count	95	99	5	FALSE	GCATACCATCCGTTTTTTCAACTTCTAGATCCTTGAAGCCTTTGCTTTCTTCAACAGTTATAACACCGTCTTTACCGACTTCTTTAACACACTGTGCAATCTTACTTCCTATGTTCTTGTCTCCATTCGCAGACAATGTTGCAACTTGTGCAATTTCGTCTTCTTCTACTTCACGTCTCATAGACATAAGCGCTGTAAGAACCGCTTCCTTAGCCTTGAGAATACCATTCTTTATGCTAACAATATCAGATCCAGCAGCTTTCGCTTTTGAGACTTCTTCAATCACTTTTGCCGTTAGTATGGAGCATGTAGTAGTTCCATCTCCCACCTTATCATTACATTGAGAAGCACTCTGAGTA
Ana_phagocytophilum_esp_non_ha_1	Anaplasma_phagocytophilum	Esp	Anaplasma_phagocytophilum_non-human_active_strain:count	95	99	5	FALSE	GCATACCATCAGTTTTTTCAACTTCTAGATCCTTGAAGCCTTTGCTTTCTTCAACAGTTATAACACCGTCTTTACCGACTTCTTTAACACACTGTGCAATCTTACTTCCTATGTTCTTGTCTCCATTCGCAGACAATGTTGCAACTTGTGCAATTTCGTCTTCTTCTACTTCACGTCTCATAGACATAAGCGCTGTAAGAACCGCTTCCTTAGCCTTGAGAATACCATTCTTTATGCTAACAATATCAGATCCAGCAGCTTTCGCTTTTGAGACTTCTTCAATCACTTTTGCTGTTAGTATGGAGCATGTAGTAGTTCCATCTCCCACCTTATCATTACATTGAGAAGCACTCTGAGTA
Ana_phagocytophilum_esp_non_ha_2	Anaplasma_phagocytophilum	Esp	Anaplasma_phagocytophilum_non-human_active_strain:count	95	99	5	FALSE	GCATACCATCAGTTTTTTCAACTTCTAGATCCTTGAAGCCTTTGCTTTCTTCAACAGTTATAACACCGTCTTTACCGACTTCTTTAACACACTGTGCAATCTTACTTCCTATGTTCTTGTCTCCATTCGCAGACAATGTTGCAACTTGTGCAATTTCGTCTTCTTCTACTTCACGTCTCATAGACATAAGCGCTGCAAGAACCGCTTCCTTAGCCTTGAGAATACCATTCTTTATGCTAACAATATCAGATCCAGCAGCTTTCGCTTTTGAGACTTCTTCAATCACTTTTGCTGTTAGTATGGAGCATGTAGTAGTTCCATCTCCCACCTTATCATTACATTGAGAAGCACTCTGAGTA
Ehr_khabarensis_KR063139	Ehrlichia_khabarensis	Esp	Ehrlichia_sp_other:count,Ehrlichia_sp_other_name:name	95	99	5	FALSE	TGCACAAAGTGCTTCTCAATGTAATGATAAAGTTGGAGATGGAACAACTACATGTTCTATTTTGACAGCAAAAGTAATAGAAGAAGTATCTAAAGCTAAAGCTGCTGGTGCAGATATTGTATGTATTAAAGAAGGTGTATTAAAAGCTAAAGAAGCTGTACTAGAAGCTTTAATGTCAATGAAACGTGAAGTATTGTCTGAAGAAGAAATAGCACAAGTTGCTACTATCTCTGCTAATGGAGATAAAAATATAGGTAGTAAGATAGCACAATGTGTTCAGGAAGTTGGTAAAGATGGTGTTATTACAGTAGAAGAAAGTAAAGGGTTTAAAGAACTGGATGTTGAAAAAACTGATGGTATGC
Ehr_EMLA	Ehrlichia_EMLA	Esp	Ehrlichia_muris_eauclairensis:count	95	99	5	FALSE	TACTCAGAGTGCTTCTCAATGTAATGATAAAGTTGGTGATGGAACAACTACATGTTCTATTTTAACTGCAAAAGTTATAGAAGAAGTATCTAAAGCTAAAGCTGCTGGAGCAGATATTGTATGTATTAAAGAAGGTGTATTAAAAGCTAAAGAAGCTGTGCTAGAAGCATTAATGTCTATGAAGCGTGAAGTATTGTCTGAAGAGGAGATTGCTCAAGTTGCTACTATTTCAGCTAATGGAGATAAAAACATAGGTAGTAAAATTGCTCAATGTGTTCAAGAAGTTGGTAAAGATGGAGTTATTACAGTTGAAGAAAGTAAGGGATTCAAAGAATTGGATGTTGAAAAAACTGATGGTATGC
Bab_bovis_isolate_USDA_HQ264112	Babesia_bovis	panBabesia	Babesia_sp_other:count,Babesia_sp_other_name:name	95	99	5	FALSE	GTAATTCCAGCTCCAATAGCGTATATTAAACTTGTTGCAGTTAAAAAGCTCGTAGTTGAATCTCACGTCCCCCGCTTGGTCCTTTCCTCGCCGGGACGCCTCGTTACTTTGAGAAAATTAGAGTGTTTCAAGCAGGTTTCGCCTGTATAATTGAGCATGGAATAACCTTGTATGACCCTGTCGTACCGTTGGTTGACTTTGGGTAATGGTTAATAGGAACGGTTGGGGGCATTCGTACTCGACTGTCAGAGGTGAAATTCTTAGA
Bab_divergens_MK510929	Babesia_divergens	panBabesia	Babesia_sp_other:count,Babesia_sp_other_name:name	95	99	5	FALSE	GTAATTCCAGCTCCAATAGCGTATATTAAACTTGTTGCAGTTAAAAAGCTCGTAGTTGAATTTTTGCGTGGTGTTAATATTGACTAATGTCGAGATTGCACTTCGCTTTTGGGATTTATCCCTTTTTACTTTGAGAAAATTAGAGTGTTTCAAGCAGACTTTTGTCTTGAATACTTCAGCATGGAATAATAGAGTAGGACTTTGGTTCTATTTTGTTGGTTTGTGAACCTTAGTAATGGTTAATAGGAACGGTTGGGGGCATTCGTATTTAACTGTCAGAGGTGAAATTCTTAGA
Bab_duncani_isolate_Bdu	Babesia_duncani	panBabesia	Babesia_sp_other:count,Babesia_sp_other_name:name	95	99	5	FALSE	GTAATTCCAGCTCCAATAGCGTATATTAAACTTGTTGCAGTTAAAAAGCTCGTAGTTGAACTTCTGCCGCTTGGCCTTCGTTCCCCTTGGGGTTTCGTTCGCCTGGTGGCTTACCTCTGGCGGTGGTTCTCCATTTGCCAGTTTTACTTTGAGAAAATTAGAGTGTTTCAAGCAGGCTTTTGCCTTGAATACTTCAGCATGGAATAATAAAGTAGGACTTTGGTTCTATTTTGTTGGTTTCAGGACCAAAGTAATGGTTAATAGGAACAGTTGGGGGCATTCGTATTTAACTGTCAGAGGTGAAATTCTTAGA
Bab_microti_1960_1961	Babesia_microti	panBabesia	Babesia_microti:count	95	99	5	FALSE	GTAATTCCAGCTCCAATAGCGTATATTAAAGTTGTTGCAGTTAAGAAGCTCGTAGTTGAATTTCTGCCTTGTCATTAATCTCGCTTCCGAGCGTTTTTTTATTGACTTGGCATCTTCTGGATTTGGTGCCTTCGGGTACTATTTTCCAGGATTTACTTTGAGAAAACTAGAGTGTTTCAAACAGGCATTCGCCTTGAATACTACAGCATGGAATAATGAAGTAGGACTTTGGTTCTATTTTGTTGGTTATTGAGCCAGAGTAATGGTTAATAGGAGCAGTTGGGGGCATTCGTATTTAACTGTCAGAGGTGAAATTCTTAGA
Bab_microti_Clethrionomys_AY144687	Babesia_microti_Alaska_2	panBabesia	Babesia_sp_other:count,Babesia_sp_other_name:name	95	99	5	FALSE	GTAATTCCAGCTCCAATAGCGTATATTAAAGTTGTTGCAGTTAAAAAGCTCGTAGTTGAATTTCTGCCTTGCCATTAATCTCGCTTCCGAGCGTTTTTTTATTGGCTTGGCATCTTTCTGGATTTTGTATCCTTAATTGGTTACTATTTTCCAGTTTTTACCTTGAGAAAACTAGAGTGTTTCAAACAGGCAATCGCCTTGAATACTGCAGCATGGAATAATAAAGTAGGACTTTGGTTCTATTTTGTTGGTTATTGGGCCAGAGTAATGGTTAATAGGAGCAGTTGGGGGCATTCGTATTTAACTGTCAGAGGTGAAATTCTTAGA
Bab_microti_isolate_Giresun	Babesia_microti	panBabesia	Babesia_microti:count	95	99	5	FALSE	GTAATTCCAGCTCCAATAGCGTATATTAAAGTTGTTGCAGTTAAGAAGCTCGTAGTTGAATTTCTGCCTTGTCATTAATCTCGCTTCCGAGCGTTTTTTTATTGACTTGGCATCTTCTGGATTTGGTGCCTTCGGGTACTATTTTCCAGGATTTACTTTGAGAAAACTAGAGTGTTTCAAACAGGCATTCGCCTTGAATACTACAGCATGGAATAATGAAGTAGGACTTTGGTTCTATTTTGTTGGTTATTGAGCCAGAGTAATGGTTAATAGGAGCAGTTGGGGGCATTCGTATTTAACTGTCAGAGGTGAAATTCTTAGA
Bab_microti_Sorex_Alaska_AY918952	Babesia_microti_Alaska_1	panBabesia	Babesia_sp_other:count,Babesia_sp_other_name:name	95	99	5	FALSE	GTAATTCCAGCTCCAATAGCGTATATTAAAGTTGTTGCAGTTAAAAAGCTCGTAGTTGAATTTCTGCCTTGCCATTAATCTCGCTTCCGAGCGTTTTTTATTGGCTTGGCATCTTTCTGGATTTTGTATCCTTAATTGGTTACTATTTTCCAGTTTTTACCTTGAGAAAACTAGAGTGTTTCAAACAGGCAATCGCCTTGAATACTGCAGCATGGAATAATAAAGTAGGACTTTGGTTCTATTTTGTTGGTTATTGGGCCAGAGTAATGGTTAATAGGAGCAGTTGGGGGCATTCGTATTTAACTGTCAGAGGTGAAATTCTTAGA
Bab_odocoilei_st_CN18-5A70A	Babesia_odocoilei	panBabesia	Babesia_sp_other:count,Babesia_sp_other_name:name	95	99	5	FALSE	GTAATTCCAGCTCCAATAGCGTATATTAAACTTGTTGCAGTTAAAAAGCTCGTAGTTGAATTTCTGCGTCACCGTATTTTGACTTTTGTCGACTGTCGGTTTCGCTTTTGGGATTTATCCCTTTTTACTTTGAGAAAATTAGAGTGTTTCAAGCAGACTTTTGTCTTGAATACTTCAGCATGGAATAATAGAGTAGGACTTTGGTTCTATTTTGTTGGTTTGTGAACCTTAGTAATGGTTAATAGGAACGGTTGGGGGCATTCGTATTTAACTGTCAGAGGTGAAATTCTTAGA
Bab_sp_MO1	Babesia_MO1	panBabesia	Babesia_sp_other:count,Babesia_sp_other_name:name	95	99	5	FALSE	GTAATTCCAGCTCCAATAGCGTATATTAAACTTGTTGCAGTTAAAAAGCTCGTAGTTGAATTTTTGCGTGGTGTTAATATTGACTGATGTCGAGATTGCACTTCGCTTTTGGGATTTATCCCTTTTTACTTTGAGAAAATTAGAGTGTTTCAAGCAGACTTTTGTCTTGAATACTTCAGCATGGAATAATAGAGTAGGACTTTGGTTCTATTTTGTTGGTTTGTGAACCTTAGTAATGGTTAATAGGAACGGTTGGGGGCATTCGTATTTAACAGTCAGAGGTGAAATTCTTAGA
Bor_afzelii_BO23	Borrelia_afzelii	FlaB	Borrelia_sp:count,Borrelia_Other_species_name:name	95	99	5	FALSE	AAAAATTAACACACCAGCATCACTTTCAGGATCTCAAGCTTCTTGGACTTTAAGAGTTCATGTGGGAGCAAATCAAGATGAAGCAATTGCTGTAAATATTTATTCAGCTAATGTTGCAAATCTTTTTGCTGGTGAGGGAGCTCAAGCTGCTCAGGCTGCACCTGTTCAAGAGGGTGCTCAAGAAGAAGGAGCTCAGCAACCAACACCTGCTACAGCACCTACTCAAGGTGGAGTTAATTCTCCTGTTAATGTTACAACCACAGTTGATGCTAATACATCACTTGCTAAAATAGAAAATGCTATTAGAATGATAAGTGATCAAAGAGCAAATTTAG
Bor_americana_CA171	Borrelia_americana	FlaB	Borrelia_sp:count,Borrelia_Other_species_name:name	95	99	5	FALSE	AAAAATTAACACCCCAGCATCACTTTCAGGGTCTCAAGCTTCTTGGACTTTAAGAGTTCATGTTGGAGCAAACCAAGATGAAGCTATTGCTGTAAATATTTATGCGGCTAATGTTGCAAATCTTTTCTCTGGTGAGGGAGCTCAAACTGCTCAGGCTGCACCTGTTCAAGAAGGTGTTCAACAGGAAGGAGCTCAACAGCCAACACCTGCTACAGCACCTTCTCAAGGTGGAGTTAATTCTCCTGTTAATGTTACAACTACAGTTGATGCTAATACATCACTTGCTAAAATAGAAAATGCTATTAGAATGATAAGTGATCAAAGGGCAAATTTAG
Bor_americana_SCW_41_subgroup_A	Borrelia_americana	FlaB	Borrelia_sp:count,Borrelia_Other_species_name:name	95	99	5	FALSE	AAAAATTAACACTCCAGCATCACTTTCAGGGTCTCAAGCTTCTTGGACTTTAAGAGTTCATGTTGGAGCAAACCAAGATGAAGCTATTGCTGTAAATATTTATGCGGCTAATGTTGCAAATCTTTTCTCTGGTGAGGGAGCTCAAACTGCTCAGGCTGCACCTGTTCAAGAAGGTGTTCAACAGGAAGGAGCTCAACAGCCAGCACCTGCTACAGCACCTTCTCAAGGCGGAGTTAATTCTCCTGTTAATGTTACAACTACAGTTGATGCTAATACATCACTTGCTAAAATAGAAAATGCTATTAGAATGATAAGTGATCAAAGGGCAAATTTAG
Bor_andersoni_21038	Borrelia_andersoni	FlaB	Borrelia_sp:count,Borrelia_Other_species_name:name	95	99	5	FALSE	AAAAATTAACACACCAGCATCACTTTCAGGATCTCAAGCTTCTTGGACCCTAAGAGTTCATGTTGGAGCAAACCAAGATGAAGCTATTGCTGTAAATATTTATGCAGCTAATGTAGCAAATCTTTTTTCTGGTGAGGGAGCTCAAACTGCTCAGGCTGCACCTGTTCAAGAGGGTATTCAACAGGAAGGAGCTCAACAACCAGCACCTGCTACAGCACCTTCTCAAGGCGGAGTTAATTCTCCTGTTAATGTTACAACTACAGTTGATGCTAATACATCACTTGCTAAAATAGAAAATGCTATTAGAATGGTAAGTGATCAAAGAGCGAATTTAG
Bor_andersoni_25	Borrelia_andersoni	FlaB	Borrelia_sp:count,Borrelia_Other_species_name:name	95	99	5	FALSE	AAAAATTAACACACCAGCATCACTTTCAGGATCTCAAGCTTCTTGGACCCTAAGAGTTCATGTTGGAGCAAACCAAGATGAAGCTATTGCTGTAAATATTTATGCAGCTAATGTAGCAAATCTTTTTTCTGGTGAGGGAGCTCAAACTGCTCAGGCTGCACCTGTTCAAGAGGGTATTCAACAGGAAGGAGCTCAACAACCAGCACCTGCTACAGCACCTTCTCAAGGCGGAGTTAATTCTCCTGTTAATGTTACAACTACAGTTGATGCTAATACATCACTTGCTAAAATAGAAAATGCTATTAGAATGGTAAGTGATCAAAGAGCGAATTTAG
Bor_andersonii_SI_10	Borrelia_andersoni	FlaB	Borrelia_sp:count,Borrelia_Other_species_name:name	95	99	5	FALSE	AAAAATTAACACACCAGCATCACTTTCAGGATCTCAAGCTTCTTGGACCCTAAGAGTTCATGTTGGAGCAAACCAAGATGAAGCTATTGCTGTAAATATTTATGCAGCTAATGTAGCAAATCTTTTTTCTGGTGAGGGAGCTCAAACTGCTCAGGCTGCACCTGTTCAAGAGGGTATTCAACAGGAAGGAGCTCAACAGCCAGCACCTGCTACAGCACCTTCTCAAGGCGGAATTAATTCTCCTGTTAATGTTACAACTACAGTTGATGCTAATACATCACTTGCTAAAATAGAAAATGCTATTAGAATGGTAAGTGATCAAAGAGCGAATTTAG
Bor_bissettii_FD_1	Borrelia_bissettii	FlaB	Borrelia_sp:count,Borrelia_Other_species_name:name	95	99	5	FALSE	AAAAATTAACACACCAGCATCACTTTCAGGGTCTCAGGCTTCTTGGACCTTAAGAGTTCATGTTGGAGCAAACCAAGATGAAGCTATTGCTGTAAATATTTATGCAGCTAATGTTGCAAATCTTTTCTCTGGTGAGGGAGCTCAAACTGCTCAGGCTGCACCTGTTCAAGAAGGTGCTCAGCAAGAAGGAGCTCAACAGCCAGCACCTGCTACAGCGCCTTCTCAGGGTGGAGTTAATTCTCCTGTTAATGTTACAACCACAGTTGATGCTAATACATCACTTGCTAAAATAGAAAATGCTATTAGAATGGTAAGTGACCAAAGAGCAAATTTGG
Bor_bissettii_st_DN127	Borrelia_bissettii	FlaB	Borrelia_sp:count,Borrelia_Other_species_name:name	95	99	5	FALSE	AAAAATTAACACACCAGCATCACTTTCAGGGTCTCAGGCTTCTTGGACCTTAAGAGTTCATGTTGGAGCAAACCAAGATGAAGCTATTGCTGTAAATATTTATGCAGCTAATGTCGCAAATCTTTTCTCTGGTGAGGGAGCTCAAACTGCTCAGGCTGCACCTGTTCAAGAAGGTGTTCAGCAAGAAGGAGCTCAACAGCCAGCACCTGCTACAGCGCCTTCTCAGGGTGGAGTTAATTCTCCTGTTAATGTTACAACCACAGTTGATGCTAATACATCACTTGCTAAAATAGAAAATGCTATTAGAATGGTAAGTGATCAAAGAGCAAATTTGG
Bor_burgdorferi_MM1_CP031412	Borrelia_burgdorferi	FlaB	Borrelia_sp:count,Borrelia_burgdorferi_sensu_stricto:count	95	99	5	FALSE	AAAAATCAACACACCAGCATCACTTTCAGGGTCTCAAGCGTCTTGGACTTTAAGAGTTCATGTTGGAGCAAACCAAGATGAAGCTATTGCTGTAAATATTTATGCAGCTAATGTTGCAAATCTTTTTTCTGGTGAGGGAGCTCAAACTGCTCAGGCTGCACCGGTTCAAGAGGGTGTTCAACAGGAAGGAGCTCAACAGCCAGCACCTGCTACAGCACCTTCTCAAGGCGGAGTTAATTCTCCTGTTAATGTTACAACTACAGTTGATGCCAATACATCACTTGCTAAAATTGAAAATGCTATTAGAATGATAAGTGATCAAAGGGCAAATTTAG
Bor_burgdorferi_B31	Borrelia_burgdorferi	FlaB	Borrelia_sp:count,Borrelia_burgdorferi_sensu_stricto:count	95	99	5	FALSE	AAAAATTAACACACCAGCATCACTTTCAGGGTCTCAAGCGTCTTGGACTTTAAGAGTTCATGTTGGAGCAAACCAAGATGAAGCTATTGCTGTAAATATTTATGCAGCTAATGTTGCAAATCTTTTCTCTGGTGAGGGAGCTCAAACTGCTCAGGCTGCACCGGTTCAAGAGGGTGTTCAACAGGAAGGAGCTCAACAGCCAGCACCTGCTACAGCACCTTCTCAAGGCGGAGTTAATTCTCCTGTTAATGTTACAACTACAGTTGATGCTAATACATCACTTGCTAAAATTGAAAATGCTATTAGAATGATAAGTGATCAAAGGGCAAATTTAG
Bor_burgdorferi_N40	Borrelia_burgdorferi	FlaB	Borrelia_sp:count,Borrelia_burgdorferi_sensu_stricto:count	95	99	5	FALSE	AAAAATTAACACACCAGCATCACTTTCAGGGTCTCAAGCGTCTTGGACTTTAAGAGTTCATGTTGGAGCAAACCAAGATGAAGCTATTGCTGTAAATATTTATGCAGCTAATGTTGCAAATCTTTTTTCTGGTGAGGGAGCTCAAACTGCTCAGGCTGCACCGGTTCAAGAGGGTGTTCAACAGGAAGGAGCTCAACAGCCAGCACCTGCTACAGCACCTTCTCAAGGCGGAGTTAATTCTCCTGTTAATGTTACAACTACAGTTGATGCTAATACATCACTTGCTAAAATTGAAAATGCTATTAGAATGATAAGTGATCAAAGGGCAAATTTAG
Bor_burgdorferi_IRS	Borrelia_burgdorferi	FlaB	Borrelia_sp:count,Borrelia_burgdorferi_sensu_stricto:count	95	99	5	FALSE	AAAAATTAACACACCAGCATCGCTTTCAGGGTCTCAAGCGTCTTGGACTTTAAGAGTTCATGTTGGAGCAAACCAAGATGAAGCTATTGCTGTAAATATTTATGCAGCTAATGTTGCAAATCTTTTCTCTGGTGAGGGAGCTCAAACTGCTCAGGCTGCACCGGTTCAAGAGGGTGTTCAACAGGAAGGAGCTCAACAGCCAGCACCTGCTACAGCACCTTCTCAAGGCGGAGTTAATTCTCCTGTTAATGTTACAACTACAGTTGATGCTAATACATCACTTGCTAAAATTGAAAATGCTATTAGAATGATAAGTGATCAAAGAGCAAATTTAG
Bor_burgdorferi_JD1_CP002312	Borrelia_burgdorferi	FlaB	Borrelia_sp:count,Borrelia_burgdorferi_sensu_stricto:count	95	99	5	FALSE	AAAAATTAACACACCAGCATCACTTTCAGGGTCTCAAGCGTCTTGGACTTTAAGAGTTCATGTTGGAGCAAACCAAGATGAAGCTATTGCTGTAAATATTTATGCAGCTAATGTTGCAAATCTTTTTTCTGGTGAGGGAGCTCAAACTGCTCAGGCTGCACCGGTTCAAGAGGGTGTTCAACAGGAAGGAGCTCAACAGCCAGCACCTGCTACAGCACCTTCTCAAGGCGGAGTTAATTCTCCTGTTAATGTTACAACTACAGTTGATGCCAATACATCACTTGCTAAAATTGAAAATGCTATTAGAATGATAAGTGATCAAAGGGCAAATTTAG
Bor_burgdorferi_SI_1	Borrelia_burgdorferi	FlaB	Borrelia_sp:count,Borrelia_burgdorferi_sensu_stricto:count	95	99	5	FALSE	AAAAATTAACACACCAGCATCACTTTCAGGGTCTCAAGCGTCTTGGACTTTAAGAGTTCATGTTGGAGCAAACCAAGATGAAGCTATTGCTGTAAATATTTATGCAGCTAATGTTGCAAATCTTTTTTCTGGTGAGGGAGCTCAAACTGCTCAGGCTGCACCGGTTCAAGAGGGTGTTCAACAGGAAGGAGCTCAACAGCCAGCACCTGCTACAGCACCTTCTCAAGGCGGAGTTAATTCTCCTGTTAATGTTACAACTACAGTTGATGCCAATACATCACTTGCTAAAATTGAAAATGCTATTAGAATGATAAGTGATCAAAGGGCAAATTTAG
Bor_burgdorferi_CP017201	Borrelia_burgdorferi	FlaB	Borrelia_sp:count,Borrelia_burgdorferi_sensu_stricto:count	95	99	5	FALSE	AAAAATTAACACACCAGCATCACTTTCAGGGTCTCAAGCGTCTTGGACTTTAAGAGTTCATGTTGGAGCAAACCAAGATGAAGCTATTGCTGTAAATATTTATGCAGCTAATGTTGCAAATCTTTTCTCTGGTGAGGGAGCTCAAACTGCTCAGGCTGCACCGGTTCAAGAGGGTGTTCAACAGGAAGGAGCTCAACAGCCAGCACCTGCTACAGCACCTTCTCAAGGCGGAGTTAATTCTCCTGTTAATGTTACAACTACAGTTGATGCTAATACATCACTTGCTAAAATTGAAAATGCTATTAGAATGATAAGTGATCAAAGAGCAAATTTAG
Bor_andersoni_BC_1_AF264908	Borrelia_andersoni	FlaB	Borrelia_sp:count,Borrelia_Other_species_name:name	95	99	5	FALSE	AAAAATTAACACACCAGCATCACTTTCAGGATCTCAAGCTTCTTGGACCCTAAGAGTTCATGTTGGAGCAAACCAAGATGAAGCTATTGCTGTAAATATTTATGCAGCTAATGTAGCAAATCTTTTCTCTGGTGAGGGAGCTCAAACTGCTCAGGCTGCACCTGTTCAAGAGGGTATTCAACAGGAAGGAGCTCAACAGCCAGCACCTGCTACAGCACCTTCTCAAGGTGGAGTTAATTCTCCTGTTAATGTTACAACTACAGTTGATGCTAATACATCACTTGCTAAAATAGAAAATGCTATTAGAATGGTAAGTGATCAAAGAGCAAATTTAG
Bor_californiensis_CA20	Borrelia_californiensis	FlaB	Borrelia_sp:count,Borrelia_Other_species_name:name	95	99	5	FALSE	GAAAATTAACACACCAGCATCACTTTCAGGGTCTCAGGCTTCTTGGACTTTAAGAGTTCATGTTGGAGCAAACCAAGATGAAGCTATTGCTGTAAATATTTATGCAGCCAATGTTGCAAATCTTTTCTCTGGTGAGGGAGCTCAAACTGCTCAGGCTGCACCTGTTCAAGAAGGTGTTCAACAAGAAGGAGCTCAGCAGCCAGCACCTGCTACAGCACCTTCTCAAGGCGGAGTTAATTCTCCTGTTAATGTTACAACTACAGTTGATGCTAATACATCACTTGCTAAAATAGAAAATGCTATTAGAATGATAAGTGATCAAAGGGCAAATTTAG
Bor_carolinensis_SCW22	Borrelia_californiensis	FlaB	Borrelia_sp:count,Borrelia_Other_species_name:name	95	99	5	FALSE	AAAAATTAACACACCAGCATCACTTTCAGGGTCTCAGGCTTCTTGGACCTTAAGAGTTCATGTTGGAGCAAACCAAGATGAAGCTATTGCTGTAAATATTTATGCAGCTAATGTTGCAAATCTTTTCTCTGGTGAGGGAGCTCAAACTGCTCAGGCTGCACCTGTTCAAGAAGGTGCTCAGCAAGAAGGAGCTCAACAGCCAGCACCTGCTACAGCACCTTCTCAGGGTGGAGTTAATTCTCCTGTTAATGTTACAACCACAGTTGATGCTAATACATCACTTGCTAAAATAGAAAATGCTATTAGAATGGTAAGTGATCAAAGAGCAAATTTGG
Bor_finlandensis_PS78_I_ricinus_MF150046	Borrelia_finlandensis	FlaB	Borrelia_sp:count,Borrelia_Other_species_name:name	95	90	5	FALSE	AAAAATTAACACACCAGCATCACTTTCAGGGTCTCAAGCGTCTTGGACTTTAAGAGTTCATGTTGGAGCAAACCAAGATGAGGCTATTGCTGTAAATATTTATGCAGCTAATGTTGCAAATCTTTTCTCTGGTGAGGGAGCTCAAACTGCTCAGGCTGCACCTGTTCAAGAGGGCGTTCAACAGGAAGGAGCTCAACAGCAGCCAGCACCTGCTACAGCACCTTCTCAAGGTGGAGTTAATTCTCCTGTTAATGTTACAACTACAGTTGATGCTAATACATCACTTGCTAAAATTGAAAATGCTATTAGAATGGTAAGTGATCAAAGGGCAAATTTAG
Bor_garinii_JW3_DQ189020	Borrelia_garinii	FlaB	Borrelia_sp:count,Borrelia_Other_species_name:name	95	99	5	FALSE	AAAAATCAACACTCCAGCGTCACTTTCAGGATCTCAAGCTTCTTGGACCTTAAGAGTTCATGTGGGAGCAAATCAAGATGAAGCGATTGCTGTAAATATTTATGCTGCTAATGTTGCAAATCTATTCTCTGGTGAAGGAGCTCAGGCTGCTCAGACTGCACCTGTTCAAGAAGGAGCTCAACAAGAAGGAGCTCAACAACCAGCACCTGCTACAGCGCCTTCTCAGGGTGGAGTTAATTCTCCTGTTAATGTTACAACCACAGTTGACGCTAATACATCTCTTGCTAAAATAGAAAATGCTATTAGAATGATAAGTGATCAAAGAGCAAATTTAG
Bor_genomosp_2_CA28_KF422812	Borrelia_lanei	FlaB	Borrelia_sp:count,Borrelia_Other_species_name:name	95	99	5	FALSE	AAAAATTAACACACCAGCATCACTTTCAGGGTCTCAAGCTTCTTGGACTTTAAGAGTTCATGTTGGAGCAAACCAAGATGAAGCTATTGCTGTAAATATTTATGCAGCTAATGTTGCAAATCTTTTCTCTGGTGAGGGAGCTCAAACTGCTCAGGCTGCACCTGTTCAAGAAGGTGTTCAACAAGAAGGAGCTCAACAACCAGCACCTGCTACAGCACCTTCTCAAGGTGGAGTTAATTCTCCTGTTAATGTTACAACTACAGTTGATGCTAATACATCACTTGCTAAAATAGAAAATGCTATTAGAATGGTAAGTGATCAAAGAGCAAATTTAG
Bor_hermsii_CON_2	Borrelia_hermsii	FlaB	Borrelia_sp:count,Borrelia_Other_species_name:name	95	99	5	FALSE	AAAAATTAACACACCAGCATCACTAGCTGGATCACAAGCTTCATGGACATTGAGAGTACATGTGGGCGCAAATCAGGATGAGGCAATTGCTGTTAATATTTATGCATCTAATGTTGCAAATCTTTTTGCAGGTGAAGGCGCTCAGGCTGCTCCAGTGCAAGAGATAGGACAGCAAGAGGAAGGTCAAGCAGCTCCAGCTCCAGCAGCAGCTCCAGCTCAAGGTGGAGTTAATTCCCCAATTAATGTTACAACCGCTGTTGATGCTAATATGTCACTTGCAAAGATAGAGGGTGCTATTAGGATGGTAAGTGATCAAAGAGCAAATCTTG
Bor_kurtenbachii_25015	Borrelia_kurtenbachii	FlaB	Borrelia_sp:count,Borrelia_Other_species_name:name	95	99	5	FALSE	AAAAATTAACACACCAGCATCACTTTCAGGGTCTCAGGCTTCTTGGACCTTAAGAGTTCATGTTGGAGCAAACCAAGATGAAGCTATTGCTGTAAATATTTATGCAGCTAATGTTGCAAATCTTTTCTCTGGTGAGGGAGCTCAAACTGCTCAGGCTGCACCTGTTCAAGAAGGTGTTCAGCAAGAAGGAGCTCAACAACCAACACCTGCTACAGCACCTTCTCAGGGTGGAGTTAATTCTCCTGTTAATGTTACAACCACAGTTGATGCTAATACATCACTTGCTAAAATAGAAAATGCTATCAGAATGGTAAGTGACCAAAGAGCAAATTTGG
Bor_kurtenbachii_IL_96_255_p2	Borrelia_kurtenbachii	FlaB	Borrelia_sp:count,Borrelia_Other_species_name:name	95	99	5	FALSE	AAAAATTAACACACCAGCATCACTTTCAGGGTCTCAGGCTTCTTGGACTTTAAGAGTTCATGTTGGAGCAAACCAAGATGAAGCTATTGCTGTAAATATTTATGCAGCTAATGTTGCAAATCTTTTCTCTGGTGAGGGAGCTCAAACTGCTCAGGCTGCACCTGTTCAAGAAGGTGTTCAGCAAGAAGGAGCTCAACAGCCAACACCTGCTACAGCACCTTCTCAGGGTGGAGTTAATTCTCCTGTTAATGTTACAACCACAGTTGATGCTAATACATCACTTGCTAAAATAGAAAATGCTATCAGAATGGTAAGCGATCAAAGAGCAAATTTGG
Bor_lanei_C	Borrelia_lanei	FlaB	Borrelia_sp:count,Borrelia_Other_species_name:name	95	99	5	FALSE	AAAAATTAACACACCAGCATCACTTTCAGGGTCTCAAGCTTCTTGGACTTTAAGAGTTCATGTTGGAGCAAACCAAGATGAAGCTATTGCTGTAAATATTTATGCAGCTAATGTTGCAAATCTTTTCTCTGGTGAGGGAGCTCAAACTGCTCAGGCTGCACCTGTTCAAGAAGGTGTTCAACAAGAAGGAGCTCAACAACCAGCACCTGCTACAGCACCTTCTCAAGGTGGAGTTAATTCTCCTGTTAATGTTACAACTACAGTTGATGCTAATACATCACTTGCTAAAATAGAAAATGCTATTAGAATGGTAAGTGATCAAAGAGCAAATTTAG
Bor_lonestari_LS_1	Borrelia_lonestari	FlaB	Borrelia_sp:count,Borrelia_Other_species_name:name	95	99	5	FALSE	AAAAATTAATACACCAGCATCACTAACTGGAGCACAAGCTTCATGGACATTGAGAGTTCAGGTAGGTGCAAATCAGGATGAAGCAATTGCTGTTAATATTTTCTCAACTAATGTTGCAAATCTTTTTGGTGGAGAAGGTGTTCAAGCGGCTCCAGCTCAAGAGGGTGCACAACAGGAAGGAGTTCAACCAGCTCCAGCTCAAGGTGGGATTAGCTCTCCAATTAATGTTACAACTGCTATTGATGCTAATGCATCGCTTACAAAGATTGAAGATGCTATTAGAATGGTAACTGATCAAAGAGCAAATCTTG
Bor_mayonii_MN14_1420	Borrelia_mayonii	FlaB	Borrelia_sp:count,Borrelia_mayonii:count	95	99	5	FALSE	AAAAATTAACACACCATCATCACTTTCAGGGTCTCAAGCTTCTTGGACCTTAAGAGTTCATGTTGGAGCAAATCAAGATGAAGCTATTGCTGTAAATATTTATGCAGCTAATGTTGCAAATCTTTTTTCTGGTGAGGGAACTCAAACTGCTCAGGTTGCGCCTGTTCAAGAAGGTGCTCAACAGGAAGGAGCTCAACAGCCAGCACCTGCTACAGCACCTTCTCAAGGCGGAGTTAATTCTCCTGTTAATGTTACAACTACAGTTGATGCTAATACATCACTTGCTAAAATAGAAAATGCTATTAGAATGATAAGTGATCAAAGAGCAAATTTAG
Bor_miyamotoi_RI13_2395	Borrelia_miyamotoi	FlaB	Borrelia_sp:count,Borrelia_miyamotoi:count	95	99	5	FALSE	AAAAATTAACACACCAGCATCATTAGCTGGAACACAAGCTTCATGGACATTGAGAGTACATGTGGGTGCAAATCAGGATGAAGCAATTGCTGTCAATATTTATGCAGCTAATGTTGCAAATCTTTTTAATGGAGAAGGTGCTCAAGCCGCTCCAGCTCAAGAGGGAGCACAACAGGAGGGAGTTCAAGCAGCTCCAGCTCCAGCAGCCGCTCCAGTTCAAGGTGGAGTTAATTCTCCAATTAATGTTACAACTGCTATTGATGCTAATATGTCACTTTCAAAGATCGAAGATGCTATTAGAATGGTAACTGATCAAAGAGCAAATCTTG
Bor_miyamotoi_HT31	Borrelia_miyamotoi	FlaB	Borrelia_sp:count,Borrelia_miyamotoi:count	95	99	5	FALSE	AAAAATTAACACACCAGCATCATTGGCTGGATCACAAGCTTCATGGACATTGAGAGTGCATGTAGGTGCAAATCAGGATGAAGCAATTGCTGTCAATATTTATGCAGCTAATGTTGCAAATCTTTTTAATGGAGAAGGTGCTCAAGCAGCTCCAGCTCAAGAGGGAGCACAACAGGAGGGAGTTCAAGCAGTTCCAGCTCCAGCAGCCGCTCCAGTGCAAGGTGGAGTTAATTCTCCAATTAATGTTACAACTGCTATTGATGCTAATATGTCACTTTCAAAGATCGAAGATGCTATTAGAATGGTAACTGATCAAAGAGCAAATCTTG
Bor_sp_CA910	Borrelia_sp	FlaB	Borrelia_sp:count,Borrelia_Other_species_name:name	95	99	5	FALSE	AAAAATTAACACACCAGCATCACTTTCAGGGTCTCAAGCTTCTTGGACTTTAAGAGTTCATGTTGGAGCAAACCAAGATGAAGCTATTGCTGTAAATATTTATGCGGCTAATGTTGCAAATCTTTTCTCTGGTGAGGGAGCTCAAACTGCTCAGGCTGCACCTGTTCAAGAAGGTGTTCAACAGGAAGGAGCTCAACAACCAGCACCTGCTACAGCACCTTCTCAAGGCGGAGTTAATTCTCCTGTTAATGTTACAACTACAGTTGATGCTAATACATCACTTGCTAAAATAGAAAATGCTATTAGAATGGTAAGTGATCAAAGGGCAAATTTAG
Bor_W97F51_AY884355	Borrelia_sp	FlaB	Borrelia_sp:count,Borrelia_Other_species_name:name	95	99	5	FALSE	AAAAATTAACACACCAGCATCACTTTCAGGGTCTCAGGCTTCTTGGACTTTAAGAGTTCATGTTGGAGCAAACCAAGATGAAGCTATTGCTGTAAATATTTATGCAGCTAATGTTGCAAATCTTTTCTCTGGTGAGGGAGCTCAAACTGCTCAGGCTGCACCTGTTCAAGAAGGTGTTCAGCAAGAAGGAGCTCAACAACCAACACCTGCTACAGCACCTTCTCAGGGTGGAGTTAATTCTCCTGTTAATGTTACAACCACAGTCGATGCTAATACATCACTTGCTAAAATAGAAAATGCTATCAGAATGGTAAGTGACCAAAGAGCAAATTTGG
Bor_SCGT_10_AF264895	Borrelia_sp	FlaB	Borrelia_sp:count,Borrelia_Other_species_name:name	95	99	5	FALSE	AAAAATTAACACACCAGCATCACTTTCAGGGTCTCAGGCTTCTTGGACCTTAAGAGTTCATGTTGGAGCAAACCAAGATGAAGCTATTGCTGTAAATATTTATGCAGCTAATGTTGCAAATCTTTTCTCTGGTGAGGGAGCTCAAACTGCTCAGGCTGCGCCTGTTCAAGAAGGTGCTCAGCAAGAAGGAGCTCAACAGCCAGCACCTGCTACAGCGCCTTCTCAGGGTGGAGTTAATTCTCCTGTTAATGTTACAACCACAGTTGATGCTAATACATCACTTGCTAAAATAGAAAATGCTATTAGAATGGTAAGTGATCAAAGAGCAAATTTGG
Bor_turicatae_FCB_1	Borrelia_turicatae	FlaB	Borrelia_sp:count,Borrelia_Other_species_name:name	95	99	5	FALSE	AAAAATTAACACACCAGCATCATTAGCTGGATCACAAGCTTCATGGACATTAAGAGTACATGTGGGTGCAAATCAGGATGAAGCAATTGCTGTTAATATTTATGCAGCTAATGTTGCAAACCTTTTTGCAGGTGAAGGTGCGCAGGTTTCTCCAGCTCAGGAAGGTGCACAGCAAGAGGGAGTTCAAGCTGCTCCAGCACCAGCAGCAGCTCCAGCTCAAGGTGGAGTTAATTCTCCAGTTAATGTTACAACTACTATTGATGCTAATATGTCACTTTCAAAGATAGAAAATGCTATTAGAATGGTAAGTGATCAAAGAGCAAATCTTG
